index,p_die
0,0.0311413553577857
1,0.0252558406155806
2,0.019334573202981
3,0.0133773359336412
4,0.00738391030187569
5,0.00135407647464525
6,0.00124942653122317
7,0.00114476562134103
8,0.00104009374384961
9,0.00093541089759952
10,0.000830717081441446
11,0.000895573656110038
12,0.000960426020906069
13,0.00102527417610288
14,0.00109011812197368
15,0.00115495785879183
16,0.00124490896631679
17,0.0013348519732842
18,0.00142478688042358
19,0.00151471368846434
20,0.0016046323981358
21,0.0017291821714861
22,0.00185371640725829
23,0.0019782351073907
24,0.00210273827382124
25,0.00222722590848801
26,0.00239928913553056
27,0.00257132269073312
28,0.0027433265792125
29,0.00291530080608471
30,0.00308724537646476
31,0.00332419935254058
32,0.00356109700755258
33,0.00379793835488784
34,0.00403472340792976
35,0.00427145218005887
36,0.0045963560728165
37,0.00492115395019499
38,0.005245845846787
39,0.00557043179717354
40,0.00589491183592483
41,0.00633776741636838
42,0.00678042571277471
43,0.00722288681303029
44,0.00766515080498242
45,0.0081072177764393
46,0.00870597313800914
47,0.00930436706133753
48,0.00990239976460616
49,0.0105000714658655
50,0.011097382383034
51,0.0118981026206926
52,0.012698174510488
53,0.0134975985773914
54,0.0142963753459486
55,0.015094505340281
56,0.0161497603979849
57,0.0172038848261585
58,0.0182568798361897
59,0.0193087466381683
60,0.0203594864408877
61,0.0217236548425606
62,0.0230859236132949
63,0.0244462953983636
64,0.0258047728393561
65,0.0271613585741832
66,0.028881549604212
67,0.0305986989610858
68,0.0323128120231465
69,0.034023894159226
70,0.035731950728663
71,0.0378341944579019
72,0.0399318549919387
73,0.0420249423228012
74,0.0441134664207333
75,0.0461974372342426
76,0.0486702383971129
77,0.0511366286466245
78,0.0535966246035277
79,0.0560502428454819
80,0.0584974999071679
81,0.0612784498864669
82,0.0640511856732528
83,0.0668157315300829
84,0.0695721116478497
85,0.0723203501459917
86,0.0752939609568418
87,0.0782580400707792
88,0.0812126180409772
89,0.084157725322673
90,0.0870933922734815
91,0.0901060672919346
92,0.0931088002082164
93,0.0961016238321705
94,0.0990845708653646
95,0.102057673901449
96,0.104947583682347
97,0.107828192667082
98,0.110699530789047
99,0.113561627885301
100,0.116414513696875
101,0.119044964027989
102,0.121667583459829
103,0.124282395305124
104,0.126889422807206
105,0.129488689140208
106,0.131771200905453
107,0.134047727843283
108,0.136318285646129
109,0.138582889965277
110,0.140841556410973
111,0.537413418348958
